ArrayID,Emotion,Word,Count
777,anger,vote,39
741,anger,illegal,22
826,anger,money,22
795,anger,attack,17
732,anger,crime,13
759,anger,fight,10
772,anger,abolish,10
787,anger,loss,10
847,anger,violence,10
754,anger,force,9
805,anger,threat,9
815,anger,words,8
776,anger,murder,7
782,anger,deportation,7
781,anger,unfair,6
851,anger,criminal,6
740,anger,demand,5
744,anger,politics,5
800,anger,terrorist,5
807,anger,chaos,5
824,anger,blockade,5
731,anger,defense,4
735,anger,murderous,4
750,anger,brutal,4
758,anger,fear,4
778,anger,madness,4
816,anger,tree,4
832,anger,destruction,4
836,anger,death,4
848,anger,feeling,4
736,anger,cash,3
747,anger,mad,3
748,anger,opposition,3
757,anger,rocket,3
769,anger,coercion,3
799,anger,disgrace,3
825,anger,hatred,3
827,anger,senseless,3
833,anger,honest,3
834,anger,destroyed,3
843,anger,surcharge,3
853,anger,shortage,3
739,anger,hit,2
743,anger,destroying,2
745,anger,terrible,2
749,anger,bad,2
755,anger,subsidy,2
756,anger,lie,2
761,anger,angry,2
765,anger,campaigning,2
766,anger,restriction,2
770,anger,horrific,2
775,anger,neglected,2
780,anger,arguments,2
783,anger,belt,2
784,anger,jealous,2
793,anger,murderer,2
794,anger,dispute,2
801,anger,hate,2
808,anger,abuse,2
809,anger,tighten,2
810,anger,bogus,2
812,anger,selfish,2
813,anger,cutting,2
817,anger,standstill,2
835,anger,shock,2
840,anger,broken,2
841,anger,chaotic,2
842,anger,cross,2
733,anger,untrustworthy,1
734,anger,fraudulent,1
737,anger,agitation,1
738,anger,row,1
742,anger,punch,1
746,anger,screwed,1
751,anger,crushing,1
752,anger,obstruct,1
753,anger,infantile,1
760,anger,upset,1
762,anger,injustice,1
763,anger,rape,1
764,anger,offensive,1
767,anger,socialist,1
768,anger,fraud,1
771,anger,catastrophe,1
773,anger,contempt,1
774,anger,throttle,1
779,anger,slave,1
785,anger,battle,1
786,anger,tackle,1
788,anger,violation,1
789,anger,miserable,1
790,anger,court,1
791,anger,expel,1
792,anger,presumptuous,1
796,anger,criticism,1
797,anger,stab,1
798,anger,invasion,1
802,anger,poison,1
803,anger,intrusive,1
804,anger,condemnation,1
806,anger,arrogant,1
811,anger,violent,1
814,anger,blame,1
818,anger,criticize,1
819,anger,bully,1
820,anger,unbridled,1
821,anger,betrayal,1
822,anger,confront,1
823,anger,brutality,1
828,anger,victim,1
829,anger,tumultuous,1
830,anger,massacre,1
831,anger,hurting,1
837,anger,assassin,1
838,anger,bear,1
839,anger,misery,1
844,anger,disastrous,1
845,anger,kicking,1
846,anger,killing,1
849,anger,crazy,1
850,anger,sentence,1
852,anger,disaster,1
1512,anticipation,time,72
1484,anticipation,vote,39
1468,anticipation,good,24
1481,anticipation,finally,24
1441,anticipation,young,22
1462,anticipation,money,22
1456,anticipation,motion,15
1480,anticipation,income,15
1503,anticipation,pay,14
1453,anticipation,long,13
1557,anticipation,subscribe,12
1479,anticipation,public,11
1550,anticipation,highest,11
1475,anticipation,peace,9
1482,anticipation,immediately,9
1524,anticipation,start,9
1534,anticipation,continue,8
1471,anticipation,top,7
1537,anticipation,competition,7
1516,anticipation,plan,6
1544,anticipation,rising,6
1561,anticipation,hope,6
1445,anticipation,expect,5
1457,anticipation,child,5
1493,anticipation,convince,5
1494,anticipation,delivery,5
1498,anticipation,ultimately,5
1528,anticipation,opportunity,5
1538,anticipation,god,5
1443,anticipation,victory,4
1448,anticipation,defense,4
1473,anticipation,result,4
1483,anticipation,proud,4
1488,anticipation,death,4
1509,anticipation,watch,4
1525,anticipation,quote,4
1531,anticipation,feeling,4
1548,anticipation,tree,4
1554,anticipation,fancy,4
1563,anticipation,happy,4
1454,anticipation,happen,3
1476,anticipation,cash,3
1477,anticipation,grandchildren,3
1487,anticipation,marriage,3
1491,anticipation,clock,3
1508,anticipation,production,3
1511,anticipation,share,3
1515,anticipation,planning,3
1517,anticipation,appeal,3
1518,anticipation,mother,3
1519,anticipation,receiving,3
1523,anticipation,risk,3
1541,anticipation,inheritance,3
1547,anticipation,coming,3
1552,anticipation,prepared,3
1556,anticipation,ready,3
1458,anticipation,exciting,2
1460,anticipation,succeed,2
1461,anticipation,wait,2
1464,anticipation,worry,2
1465,anticipation,glad,2
1472,anticipation,warn,2
1489,anticipation,tomorrow,2
1500,anticipation,fun,2
1502,anticipation,pretty,2
1506,anticipation,progress,2
1513,anticipation,calls,2
1521,anticipation,enjoy,2
1522,anticipation,thought,2
1539,anticipation,continuation,2
1542,anticipation,celebrating,2
1543,anticipation,install,2
1553,anticipation,store,2
1558,anticipation,festival,2
1562,anticipation,neutral,2
1440,anticipation,white,1
1442,anticipation,gift,1
1444,anticipation,unbridled,1
1446,anticipation,bye,1
1447,anticipation,fate,1
1449,anticipation,predict,1
1450,anticipation,concealed,1
1451,anticipation,efficient,1
1452,anticipation,audience,1
1455,anticipation,patience,1
1459,anticipation,favorable,1
1463,anticipation,sweet,1
1466,anticipation,investigation,1
1467,anticipation,possibility,1
1469,anticipation,expected,1
1470,anticipation,board,1
1474,anticipation,successful,1
1478,anticipation,advance,1
1485,anticipation,liberation,1
1486,anticipation,invite,1
1490,anticipation,risky,1
1492,anticipation,deal,1
1495,anticipation,hero,1
1496,anticipation,condemnation,1
1497,anticipation,celebration,1
1499,anticipation,prepare,1
1501,anticipation,respect,1
1504,anticipation,destination,1
1505,anticipation,grin,1
1507,anticipation,depend,1
1510,anticipation,dawn,1
1514,anticipation,monetary,1
1520,anticipation,vigilance,1
1526,anticipation,countdown,1
1527,anticipation,warned,1
1529,anticipation,court,1
1530,anticipation,launch,1
1532,anticipation,prevail,1
1533,anticipation,goodness,1
1535,anticipation,sentence,1
1536,anticipation,impending,1
1540,anticipation,urgent,1
1545,anticipation,judiciary,1
1546,anticipation,instructions,1
1549,anticipation,contingent,1
1551,anticipation,draft,1
1555,anticipation,inspire,1
1559,anticipation,independence,1
1560,anticipation,art,1
1564,anticipation,forming,1
1285,disgust,finally,24
1287,disgust,illegal,22
1284,disgust,murder,7
1315,disgust,unfair,6
1326,disgust,criminal,6
1288,disgust,terrorist,5
1277,disgust,murderous,4
1289,disgust,death,4
1322,disgust,feeling,4
1333,disgust,mockery,4
1334,disgust,tree,4
1267,disgust,ugly,3
1268,disgust,coercion,3
1269,disgust,hatred,3
1273,disgust,suffering,3
1275,disgust,senseless,3
1280,disgust,disgrace,3
1281,disgust,honest,3
1286,disgust,shame,3
1302,disgust,mad,3
1260,disgust,murderer,2
1265,disgust,failure,2
1266,disgust,remains,2
1270,disgust,horrific,2
1283,disgust,neglected,2
1290,disgust,hate,2
1292,disgust,abnormal,2
1295,disgust,clumsy,2
1301,disgust,terrible,2
1307,disgust,bad,2
1309,disgust,abuse,2
1312,disgust,distorted,2
1313,disgust,dilapidated,2
1316,disgust,jealous,2
1317,disgust,subsidy,2
1318,disgust,lie,2
1319,disgust,bogus,2
1327,disgust,guilt,2
1329,disgust,selfish,2
1330,disgust,cutting,2
1332,disgust,angry,2
1261,disgust,drunken,1
1262,disgust,socialist,1
1263,disgust,betrayal,1
1264,disgust,unbearable,1
1271,disgust,defamation,1
1272,disgust,catastrophe,1
1274,disgust,fraudulent,1
1276,disgust,massacre,1
1278,disgust,contempt,1
1279,disgust,stomach,1
1282,disgust,interior,1
1291,disgust,poison,1
1293,disgust,collapse,1
1294,disgust,intrusive,1
1296,disgust,misery,1
1297,disgust,instability,1
1298,disgust,pathetic,1
1299,disgust,condemnation,1
1300,disgust,fool,1
1303,disgust,ashamed,1
1304,disgust,gut,1
1305,disgust,drivel,1
1306,disgust,arrogant,1
1308,disgust,sick,1
1310,disgust,dirty,1
1311,disgust,crushing,1
1314,disgust,infantile,1
1320,disgust,gross,1
1321,disgust,miserable,1
1323,disgust,violent,1
1324,disgust,sentence,1
1325,disgust,wasting,1
1328,disgust,disaster,1
1331,disgust,blame,1
1335,disgust,rape,1
1336,disgust,offensive,1
1337,disgust,criticize,1
1338,disgust,expel,1
1339,disgust,presumptuous,1
293,fear,government,47
309,fear,change,39
217,fear,war,23
209,fear,illegal,22
262,fear,attack,17
228,fear,police,14
322,fear,asylum,12
243,fear,problem,11
257,fear,highest,11
224,fear,fight,10
252,fear,loss,10
301,fear,case,10
333,fear,violence,10
222,fear,force,9
275,fear,threat,9
238,fear,murder,7
246,fear,deportation,7
273,fear,missile,6
324,fear,tactics,6
338,fear,criminal,6
249,fear,injured,5
251,fear,afraid,5
265,fear,danger,5
266,fear,terrorist,5
277,fear,chaos,5
291,fear,inflation,5
296,fear,blockade,5
340,fear,god,5
200,fear,defense,4
204,fear,murderous,4
219,fear,brutal,4
223,fear,fear,4
240,fear,madness,4
259,fear,defend,4
278,fear,watch,4
281,fear,die,4
317,fear,death,4
334,fear,feeling,4
206,fear,cash,3
216,fear,mad,3
233,fear,coercion,3
271,fear,difficult,3
280,fear,risk,3
297,fear,hatred,3
298,fear,suffering,3
299,fear,senseless,3
311,fear,honest,3
312,fear,destroyed,3
315,fear,shame,3
329,fear,concerned,3
342,fear,shortage,3
199,fear,harm,2
207,fear,confidence,2
211,fear,destroying,2
214,fear,terrible,2
218,fear,bad,2
226,fear,campaigning,2
227,fear,restriction,2
230,fear,failure,2
231,fear,remains,2
234,fear,horrific,2
245,fear,prevent,2
247,fear,belt,2
250,fear,dangerous,2
260,fear,murderer,2
263,fear,rule,2
268,fear,hate,2
279,fear,abuse,2
284,fear,courageous,2
288,fear,cutting,2
300,fear,worry,2
305,fear,alarm,2
306,fear,warn,2
313,fear,shock,2
325,fear,broken,2
327,fear,cross,2
331,fear,unstable,2
341,fear,deport,2
201,fear,concealed,1
202,fear,defamation,1
203,fear,fled,1
205,fear,dubious,1
208,fear,fortress,1
210,fear,punch,1
212,fear,instability,1
213,fear,worse,1
215,fear,ruin,1
220,fear,crushing,1
221,fear,obstruct,1
225,fear,rape,1
229,fear,socialist,1
232,fear,escaped,1
235,fear,catastrophe,1
236,fear,subordinate,1
237,fear,contempt,1
239,fear,risky,1
241,fear,slave,1
242,fear,hide,1
244,fear,unspeakable,1
248,fear,flood,1
253,fear,violation,1
254,fear,court,1
255,fear,wasting,1
256,fear,impending,1
258,fear,expel,1
261,fear,scarce,1
264,fear,stab,1
267,fear,bankrupt,1
269,fear,poison,1
270,fear,intrusive,1
272,fear,condemnation,1
274,fear,lines,1
276,fear,destination,1
282,fear,flee,1
283,fear,warned,1
285,fear,violent,1
286,fear,seriousness,1
287,fear,urgent,1
289,fear,criticize,1
290,fear,bully,1
292,fear,unbridled,1
294,fear,razor,1
295,fear,brutality,1
302,fear,victim,1
303,fear,tumultuous,1
304,fear,massacre,1
307,fear,emergency,1
308,fear,hurting,1
310,fear,isolated,1
314,fear,advance,1
316,fear,abyss,1
318,fear,assassin,1
319,fear,unsafe,1
320,fear,collapse,1
321,fear,bear,1
323,fear,misery,1
326,fear,accidental,1
328,fear,rubble,1
330,fear,disastrous,1
332,fear,killing,1
335,fear,crazy,1
336,fear,forced,1
337,fear,sentence,1
339,fear,disaster,1
1422,joy,freedom,40
1375,joy,vote,39
1384,joy,green,26
1360,joy,good,24
1373,joy,finally,24
1342,joy,young,22
1354,joy,money,22
1372,joy,income,15
1397,joy,pay,14
1362,joy,safe,11
1431,joy,highest,11
1391,joy,kind,10
1404,joy,love,10
1366,joy,peace,9
1416,joy,majority,8
1346,joy,favorite,7
1383,joy,promise,6
1401,joy,food,6
1428,joy,rising,6
1429,joy,fulfill,6
1438,joy,hope,6
1348,joy,child,5
1405,joy,prosperous,5
1417,joy,music,5
1424,joy,god,5
1344,joy,victory,4
1347,joy,achieve,4
1374,joy,proud,4
1419,joy,feeling,4
1430,joy,tree,4
1432,joy,fancy,4
1439,joy,happy,4
1367,joy,cash,3
1368,joy,grandchildren,3
1370,joy,honest,3
1378,joy,marriage,3
1379,joy,resources,3
1387,joy,ministry,3
1399,joy,established,3
1407,joy,share,3
1411,joy,mother,3
1412,joy,receiving,3
1418,joy,clean,3
1426,joy,inheritance,3
1434,joy,true,3
1345,joy,beer,2
1349,joy,exciting,2
1351,joy,succeed,2
1353,joy,freely,2
1356,joy,wonderful,2
1357,joy,merry,2
1358,joy,glad,2
1369,joy,confidence,2
1381,joy,applause,2
1392,joy,fun,2
1394,joy,pretty,2
1402,joy,progress,2
1403,joy,found,2
1414,joy,enjoy,2
1415,joy,wealth,2
1427,joy,celebrating,2
1435,joy,festival,2
1340,joy,white,1
1341,joy,amen,1
1343,joy,gift,1
1350,joy,favorable,1
1352,joy,excellent,1
1355,joy,sweet,1
1359,joy,privileged,1
1361,joy,beautiful,1
1363,joy,create,1
1364,joy,successful,1
1365,joy,delicious,1
1371,joy,advance,1
1376,joy,liberation,1
1377,joy,invite,1
1380,joy,jump,1
1382,joy,happily,1
1385,joy,deal,1
1386,joy,loving,1
1388,joy,hero,1
1389,joy,celebration,1
1390,joy,save,1
1393,joy,respect,1
1395,joy,enlightenment,1
1396,joy,smiling,1
1398,joy,destination,1
1400,joy,grin,1
1406,joy,dawn,1
1408,joy,confident,1
1409,joy,friend,1
1410,joy,practiced,1
1413,joy,festive,1
1420,joy,prevail,1
1421,joy,goodness,1
1423,joy,admiration,1
1425,joy,amusing,1
1433,joy,inspire,1
1436,joy,independence,1
1437,joy,art,1
535,negative,government,47
434,negative,vote,39
506,negative,tax,31
382,negative,war,23
367,negative,illegal,22
483,negative,wrong,20
479,negative,attack,17
488,negative,income,15
401,negative,rejected,14
348,negative,crime,13
572,negative,asylum,12
440,negative,problem,11
469,negative,highest,11
403,negative,fight,10
427,negative,abolish,10
460,negative,loss,10
546,negative,case,10
594,negative,violence,10
604,negative,foreign,10
397,negative,force,9
500,negative,threat,9
537,negative,crisis,9
562,negative,immediately,9
398,negative,black,8
475,negative,leave,8
525,negative,words,8
575,negative,irresponsible,8
368,negative,levy,7
433,negative,murder,7
449,negative,deportation,7
450,negative,withdraw,7
601,negative,competition,7
603,negative,stupid,7
391,negative,ban,6
448,negative,unfair,6
473,negative,nonsense,6
600,negative,criminal,6
366,negative,demand,5
383,negative,fall,5
457,negative,injured,5
459,negative,afraid,5
489,negative,danger,5
490,negative,terrorist,5
503,negative,chaos,5
531,negative,inflation,5
540,negative,blockade,5
592,negative,inefficient,5
593,negative,uncontrolled,5
358,negative,murderous,4
360,negative,republic,4
389,negative,brutal,4
402,negative,fear,4
436,negative,madness,4
468,negative,compulsory,4
513,negative,die,4
516,negative,quote,4
526,negative,mockery,4
554,negative,destruction,4
565,negative,death,4
587,negative,demanding,4
595,negative,feeling,4
343,negative,mourn,3
379,negative,mad,3
380,negative,joke,3
386,negative,opposition,3
390,negative,spent,3
395,negative,mother,3
418,negative,bureaucracy,3
423,negative,coercion,3
442,negative,mistake,3
482,negative,lost,3
485,negative,disgrace,3
511,negative,risk,3
538,negative,ugly,3
541,negative,hatred,3
542,negative,suffering,3
543,negative,senseless,3
558,negative,destroyed,3
563,negative,shame,3
583,negative,surcharge,3
606,negative,shortage,3
344,negative,harm,2
350,negative,moron,2
352,negative,impossible,2
353,negative,wait,2
354,negative,misuse,2
356,negative,suffer,2
359,negative,dependency,2
365,negative,hit,2
371,negative,destroying,2
372,negative,clumsy,2
376,negative,terrible,2
388,negative,bad,2
399,negative,subsidy,2
400,negative,lie,2
405,negative,copy,2
406,negative,angry,2
411,negative,campaigning,2
415,negative,restriction,2
416,negative,falling,2
420,negative,failure,2
422,negative,remains,2
424,negative,horrific,2
428,negative,splitting,2
432,negative,neglected,2
445,negative,distorted,2
446,negative,calls,2
447,negative,dilapidated,2
451,negative,belt,2
452,negative,jealous,2
458,negative,dangerous,2
463,negative,defeat,2
466,negative,debt,2
474,negative,murderer,2
478,negative,dispute,2
486,negative,detriment,2
494,negative,hate,2
498,negative,tough,2
505,negative,abuse,2
509,negative,bogus,2
514,negative,cheap,2
519,negative,lower,2
520,negative,guilt,2
522,negative,selfish,2
523,negative,cutting,2
527,negative,standstill,2
530,negative,unprotected,2
544,negative,worry,2
550,negative,alarm,2
551,negative,warn,2
560,negative,shock,2
561,negative,subject,2
569,negative,abnormal,2
574,negative,broken,2
576,negative,chaotic,2
577,negative,influence,2
579,negative,cross,2
581,negative,grief,2
588,negative,unstable,2
605,negative,deport,2
345,negative,drunken,1
346,negative,incompetence,1
347,negative,concealed,1
349,negative,untrustworthy,1
351,negative,pedestrian,1
355,negative,defamation,1
357,negative,fraudulent,1
361,negative,dubious,1
362,negative,hypocrisy,1
363,negative,agitation,1
364,negative,row,1
369,negative,decline,1
370,negative,punch,1
373,negative,instability,1
374,negative,worse,1
375,negative,fool,1
377,negative,ruin,1
378,negative,screwed,1
381,negative,excluding,1
384,negative,erosion,1
385,negative,fake,1
387,negative,negative,1
392,negative,crushing,1
393,negative,obstruct,1
394,negative,infantile,1
396,negative,small,1
404,negative,upset,1
407,negative,injustice,1
408,negative,rape,1
409,negative,offensive,1
410,negative,forbid,1
412,negative,breach,1
413,negative,deception,1
414,negative,illusion,1
417,negative,socialist,1
419,negative,fraud,1
421,negative,resignation,1
425,negative,catastrophe,1
426,negative,subordinate,1
429,negative,contempt,1
430,negative,throttle,1
431,negative,stagnant,1
435,negative,risky,1
437,negative,deceiving,1
438,negative,slave,1
439,negative,stress,1
441,negative,ashamed,1
443,negative,interference,1
444,negative,unspeakable,1
453,negative,battle,1
454,negative,disposal,1
455,negative,cry,1
456,negative,bore,1
461,negative,violation,1
462,negative,miserable,1
464,negative,late,1
465,negative,unbelievable,1
467,negative,wasting,1
470,negative,expel,1
471,negative,presumptuous,1
472,negative,inability,1
476,negative,fate,1
477,negative,scarce,1
480,negative,criticism,1
481,negative,stab,1
484,negative,invasion,1
487,negative,negligent,1
491,negative,beg,1
492,negative,expenditure,1
493,negative,bankrupt,1
495,negative,poison,1
496,negative,intrusive,1
497,negative,pathetic,1
499,negative,condemnation,1
501,negative,drivel,1
502,negative,arrogant,1
504,negative,lowering,1
507,negative,wear,1
508,negative,prohibition,1
510,negative,ignore,1
512,negative,tiresome,1
515,negative,gross,1
517,negative,flee,1
518,negative,violent,1
521,negative,urgent,1
524,negative,blame,1
528,negative,criticize,1
529,negative,bully,1
532,negative,unbridled,1
533,negative,juvenile,1
534,negative,betrayal,1
536,negative,unbearable,1
539,negative,brutality,1
545,negative,regretting,1
547,negative,victim,1
548,negative,tumultuous,1
549,negative,massacre,1
552,negative,emergency,1
553,negative,hurting,1
555,negative,splinter,1
556,negative,isolated,1
557,negative,cartel,1
559,negative,sadly,1
564,negative,abyss,1
566,negative,enforcement,1
567,negative,boring,1
568,negative,assassin,1
570,negative,unsafe,1
571,negative,collapse,1
573,negative,misery,1
578,negative,accidental,1
580,negative,rubble,1
582,negative,sick,1
584,negative,pressure,1
585,negative,dirty,1
586,negative,disastrous,1
589,negative,contrary,1
590,negative,refuse,1
591,negative,killing,1
596,negative,regret,1
597,negative,crazy,1
598,negative,forced,1
599,negative,sentence,1
602,negative,disaster,1
1114,positive,don,56
1090,positive,freedom,40
1050,positive,vote,39
1214,positive,green,26
1046,positive,finally,24
1097,positive,real,24
1115,positive,good,24
922,positive,young,22
1191,positive,money,22
1105,positive,completely,15
1129,positive,income,15
1018,positive,police,14
1144,positive,pay,14
937,positive,dear,13
1039,positive,reason,12
1123,positive,important,12
1189,positive,population,12
1037,positive,supply,11
1041,positive,civil,11
1095,positive,highest,11
1116,positive,safe,11
1206,positive,public,11
967,positive,coalition,10
1064,positive,kind,10
1073,positive,love,10
1170,positive,task,10
953,positive,job,9
995,positive,working,9
1038,positive,peace,9
1208,positive,immediately,9
1043,positive,truth,8
1089,positive,continue,8
1109,positive,candidate,8
1159,positive,majority,8
1232,positive,president,8
964,positive,leader,7
1034,positive,top,7
1094,positive,officer,7
1186,positive,favorite,7
1204,positive,word,7
935,positive,responsible,6
985,positive,main,6
1004,positive,fulfill,6
1008,positive,hope,6
1056,positive,protect,6
1067,positive,food,6
1149,positive,question,6
1171,positive,genuine,6
1213,positive,promise,6
1235,positive,eat,6
1241,positive,lead,6
1248,positive,rising,6
963,positive,convince,5
1022,positive,child,5
1048,positive,prosperity,5
1068,positive,offer,5
1074,positive,prosperous,5
1106,positive,forward,5
1126,positive,action,5
1127,positive,committed,5
1141,positive,ultimately,5
1160,positive,music,5
1162,positive,citizen,5
1166,positive,opportunity,5
1184,positive,expect,5
1187,positive,strength,5
1218,positive,delivery,5
1247,positive,god,5
925,positive,defense,4
933,positive,openness,4
942,positive,swear,4
951,positive,normality,4
972,positive,teacher,4
974,positive,talk,4
990,positive,democracy,4
1016,positive,victory,4
1032,positive,electricity,4
1035,positive,technology,4
1045,positive,increase,4
1047,positive,proud,4
1058,positive,status,4
1069,positive,reform,4
1071,positive,level,4
1093,positive,justice,4
1098,positive,fancy,4
1101,positive,defend,4
1107,positive,achieve,4
1148,positive,stable,4
1161,positive,quote,4
1164,positive,building,4
1172,positive,tree,4
1179,positive,happy,4
1193,positive,recovery,4
1201,positive,speech,4
1221,positive,agree,4
1231,positive,fundamental,4
1243,positive,feeling,4
948,positive,cash,3
981,positive,production,3
983,positive,giving,3
987,positive,planning,3
991,positive,mother,3
994,positive,clean,3
996,positive,agreement,3
998,positive,join,3
1001,positive,inheritance,3
1003,positive,legal,3
1040,positive,courage,3
1049,positive,debate,3
1052,positive,marriage,3
1075,positive,share,3
1079,positive,aid,3
1119,positive,partnership,3
1121,positive,full,3
1125,positive,earn,3
1130,positive,resources,3
1139,positive,ministry,3
1140,positive,balance,3
1146,positive,established,3
1151,positive,purely,3
1153,positive,equally,3
1156,positive,respects,3
1167,positive,afford,3
1175,positive,prepared,3
1200,positive,govern,3
1202,positive,grandchildren,3
1203,positive,honest,3
1207,positive,center,3
1212,positive,ahead,3
1224,positive,major,3
1238,positive,receiving,3
1246,positive,explain,3
1249,positive,quiet,3
1250,positive,dinner,3
1251,positive,interesting,3
1253,positive,true,3
923,positive,speedy,2
924,positive,fair,2
926,positive,sincere,2
928,positive,succeed,2
929,positive,pull,2
930,positive,educational,2
931,positive,merry,2
932,positive,glad,2
936,positive,manage,2
938,positive,profession,2
941,positive,build,2
947,positive,information,2
950,positive,confidence,2
958,positive,standing,2
960,positive,provide,2
962,positive,orderly,2
968,positive,precedence,2
970,positive,pretty,2
992,positive,enjoy,2
993,positive,wealth,2
1002,positive,celebrating,2
1005,positive,focus,2
1006,positive,festival,2
1007,positive,march,2
1017,positive,beer,2
1020,positive,remains,2
1023,positive,exciting,2
1027,positive,freely,2
1029,positive,wonderful,2
1033,positive,gigantic,2
1054,positive,granted,2
1062,positive,discussion,2
1066,positive,fun,2
1076,positive,ease,2
1082,positive,assuage,2
1091,positive,acceptable,2
1103,positive,educated,2
1108,positive,primary,2
1112,positive,gold,2
1124,positive,cool,2
1128,positive,cooperation,2
1131,positive,growth,2
1132,positive,joined,2
1133,positive,applause,2
1136,positive,agreed,2
1138,positive,statement,2
1147,positive,found,2
1150,positive,relief,2
1154,positive,attention,2
1163,positive,option,2
1165,positive,courageous,2
1173,positive,rightly,2
1176,positive,store,2
1177,positive,model,2
1192,positive,united,2
1196,positive,strategic,2
1197,positive,traditional,2
1223,positive,influence,2
1225,positive,usual,2
1230,positive,progress,2
1233,positive,qualified,2
1234,positive,magnet,2
1236,positive,valuable,2
927,positive,including,1
934,positive,privileged,1
939,positive,agreeing,1
940,positive,choice,1
943,positive,greater,1
944,positive,intellect,1
945,positive,create,1
946,positive,successful,1
949,positive,impression,1
952,positive,fortress,1
954,positive,liberation,1
955,positive,invite,1
956,positive,complementary,1
957,positive,include,1
959,positive,culture,1
961,positive,authorization,1
965,positive,hero,1
966,positive,celebration,1
969,positive,save,1
971,positive,premier,1
973,positive,enlightenment,1
975,positive,savings,1
976,positive,formula,1
977,positive,grin,1
978,positive,pick,1
979,positive,preserve,1
980,positive,oath,1
982,positive,dawn,1
984,positive,practiced,1
986,positive,joking,1
988,positive,supported,1
989,positive,vital,1
997,positive,clever,1
999,positive,admiration,1
1000,positive,amusing,1
1009,positive,prefer,1
1010,positive,white,1
1011,positive,loyalty,1
1012,positive,innocent,1
1013,positive,spirit,1
1014,positive,flow,1
1015,positive,clarify,1
1019,positive,patience,1
1021,positive,fleet,1
1024,positive,favorable,1
1025,positive,competent,1
1026,positive,excellent,1
1028,positive,sweet,1
1030,positive,producing,1
1031,positive,patronage,1
1036,positive,delicious,1
1042,positive,protecting,1
1044,positive,interior,1
1051,positive,prime,1
1053,positive,rational,1
1055,positive,agriculture,1
1057,positive,jump,1
1059,positive,contribute,1
1060,positive,worth,1
1061,positive,princess,1
1063,positive,declaratory,1
1065,positive,fellow,1
1070,positive,noted,1
1072,positive,evident,1
1077,positive,confident,1
1078,positive,monetary,1
1080,positive,sense,1
1081,positive,festive,1
1083,positive,vaccine,1
1084,positive,launch,1
1085,positive,benefit,1
1086,positive,pacific,1
1087,positive,brother,1
1088,positive,goodness,1
1092,positive,healthy,1
1096,positive,articulate,1
1099,positive,considerable,1
1100,positive,justification,1
1102,positive,resolutely,1
1104,positive,efficient,1
1110,positive,strengthen,1
1111,positive,intelligent,1
1113,positive,supplies,1
1117,positive,beautiful,1
1118,positive,convert,1
1120,positive,exemption,1
1122,positive,skilled,1
1134,positive,happily,1
1135,positive,radio,1
1137,positive,loving,1
1142,positive,prepare,1
1143,positive,respect,1
1145,positive,destination,1
1152,positive,friend,1
1155,positive,marked,1
1157,positive,proper,1
1158,positive,understanding,1
1168,positive,righteous,1
1169,positive,measured,1
1174,positive,careful,1
1178,positive,unique,1
1180,positive,amen,1
1181,positive,authority,1
1182,positive,gift,1
1183,positive,unbridled,1
1185,positive,communicate,1
1188,positive,innovation,1
1190,positive,land,1
1194,positive,knowledge,1
1195,positive,general,1
1198,positive,pardon,1
1199,positive,efficiency,1
1205,positive,advance,1
1209,positive,comprehensive,1
1210,positive,obvious,1
1211,positive,landed,1
1215,positive,author,1
1216,positive,deal,1
1217,positive,commute,1
1219,positive,logical,1
1220,positive,reliable,1
1222,positive,interest,1
1226,positive,robust,1
1227,positive,smiling,1
1228,positive,practice,1
1229,positive,core,1
1237,positive,assembly,1
1239,positive,vigilance,1
1240,positive,allegiance,1
1242,positive,unanimous,1
1244,positive,prevail,1
1245,positive,compliance,1
1252,positive,inspire,1
1254,positive,degree,1
1255,positive,suitable,1
1256,positive,absorbed,1
1257,positive,ethical,1
1258,positive,independence,1
1259,positive,art,1
652,sadness,vote,39
692,sadness,tax,31
651,sadness,illegal,22
647,sadness,income,15
674,sadness,problem,11
630,sadness,case,10
706,sadness,loss,10
708,sadness,violence,10
612,sadness,leave,8
698,sadness,black,8
648,sadness,murder,7
689,sadness,withdraw,7
695,sadness,deportation,7
694,sadness,unfair,6
619,sadness,blockade,5
653,sadness,danger,5
654,sadness,terrorist,5
680,sadness,fall,5
687,sadness,chaos,5
702,sadness,inefficient,5
703,sadness,music,5
704,sadness,injured,5
634,sadness,murderous,4
650,sadness,blue,4
657,sadness,death,4
705,sadness,die,4
710,sadness,feeling,4
608,sadness,mourn,3
620,sadness,coercion,3
622,sadness,hatred,3
625,sadness,suffering,3
626,sadness,senseless,3
635,sadness,lost,3
640,sadness,disgrace,3
642,sadness,honest,3
643,sadness,destroyed,3
649,sadness,shame,3
675,sadness,mad,3
679,sadness,mistake,3
683,sadness,concerned,3
696,sadness,mother,3
724,sadness,quiet,3
730,sadness,shortage,3
609,sadness,restriction,2
610,sadness,murderer,2
611,sadness,falling,2
616,sadness,failure,2
621,sadness,impossible,2
623,sadness,horrific,2
627,sadness,worry,2
636,sadness,splitting,2
645,sadness,neglected,2
660,sadness,hate,2
664,sadness,destroying,2
668,sadness,tough,2
671,sadness,broken,2
672,sadness,terrible,2
677,sadness,cross,2
684,sadness,grief,2
686,sadness,bad,2
690,sadness,abuse,2
693,sadness,dilapidated,2
700,sadness,lie,2
715,sadness,debt,2
717,sadness,lower,2
719,sadness,guilt,2
722,sadness,cutting,2
727,sadness,deport,2
607,sadness,inability,1
613,sadness,socialist,1
614,sadness,betrayal,1
615,sadness,unbearable,1
617,sadness,resignation,1
618,sadness,scarce,1
624,sadness,catastrophe,1
628,sadness,regretting,1
629,sadness,criticism,1
631,sadness,victim,1
632,sadness,stab,1
633,sadness,massacre,1
637,sadness,emergency,1
638,sadness,hurting,1
639,sadness,isolated,1
641,sadness,stagnant,1
644,sadness,sadly,1
646,sadness,fortress,1
655,sadness,abyss,1
656,sadness,beg,1
658,sadness,punch,1
659,sadness,bankrupt,1
661,sadness,assassin,1
662,sadness,poison,1
663,sadness,collapse,1
665,sadness,misery,1
666,sadness,pathetic,1
667,sadness,slave,1
669,sadness,condemnation,1
670,sadness,worse,1
673,sadness,ruin,1
676,sadness,ashamed,1
678,sadness,excluding,1
681,sadness,destination,1
682,sadness,rubble,1
685,sadness,negative,1
688,sadness,sick,1
691,sadness,disastrous,1
697,sadness,older,1
699,sadness,cry,1
701,sadness,killing,1
707,sadness,violation,1
709,sadness,miserable,1
711,sadness,regret,1
712,sadness,crazy,1
713,sadness,late,1
714,sadness,seriousness,1
716,sadness,sentence,1
718,sadness,wasting,1
720,sadness,disaster,1
721,sadness,upset,1
723,sadness,rape,1
725,sadness,criticize,1
726,sadness,expel,1
728,sadness,art,1
729,sadness,forbid,1
881,surprise,vote,39
872,surprise,good,24
880,surprise,finally,24
854,surprise,young,22
866,surprise,money,22
902,surprise,trump,14
916,surprise,highest,11
859,surprise,leave,8
879,surprise,murder,7
920,surprise,hope,6
858,surprise,expect,5
884,surprise,terrorist,5
873,surprise,murderous,4
886,surprise,death,4
905,surprise,quote,4
908,surprise,feeling,4
915,surprise,tree,4
870,surprise,senseless,3
901,surprise,receiving,3
914,surprise,inheritance,3
862,surprise,exciting,2
863,surprise,differently,2
865,surprise,succeed,2
869,surprise,wonderful,2
874,surprise,alarm,2
875,surprise,warn,2
877,surprise,shock,2
888,surprise,applause,2
894,surprise,outrageous,2
900,surprise,unstable,2
917,surprise,festival,2
855,surprise,gift,1
856,surprise,illusion,1
857,surprise,unbridled,1
860,surprise,concealed,1
861,surprise,resignation,1
864,surprise,favorable,1
867,surprise,sweet,1
868,surprise,catastrophe,1
871,surprise,stab,1
876,surprise,emergency,1
878,surprise,advance,1
882,surprise,chance,1
883,surprise,liberation,1
885,surprise,invite,1
887,surprise,punch,1
889,surprise,intrusive,1
890,surprise,deal,1
891,surprise,hero,1
892,surprise,celebration,1
893,surprise,break,1
895,surprise,accidental,1
896,surprise,destination,1
897,surprise,grin,1
898,surprise,dawn,1
899,surprise,practiced,1
903,surprise,tackle,1
904,surprise,sudden,1
906,surprise,violation,1
907,surprise,warned,1
909,surprise,violent,1
910,surprise,goodness,1
911,surprise,disaster,1
912,surprise,urgent,1
913,surprise,suddenly,1
918,surprise,independence,1
919,surprise,art,1
921,surprise,unique,1
110,trust,don,56
115,trust,policy,42
101,trust,freedom,40
80,trust,vote,39
106,trust,law,28
171,trust,green,26
78,trust,finally,24
104,trust,real,24
112,trust,good,24
156,trust,money,22
148,trust,chancellor,20
158,trust,system,20
119,trust,income,15
58,trust,police,14
130,trust,pay,14
116,trust,important,12
113,trust,safe,11
87,trust,kind,10
73,trust,peace,9
193,trust,fact,9
76,trust,truth,8
100,trust,continue,8
139,trust,majority,8
180,trust,president,8
24,trust,leader,7
29,trust,economy,7
70,trust,top,7
103,trust,officer,7
154,trust,favorite,7
166,trust,word,7
8,trust,responsible,6
51,trust,hope,6
90,trust,food,6
143,trust,genuine,6
170,trust,promise,6
173,trust,tactics,6
23,trust,convince,5
117,trust,committed,5
120,trust,parliament,5
152,trust,expect,5
155,trust,strength,5
191,trust,god,5
1,trust,alliance,4
12,trust,swear,4
31,trust,teacher,4
41,trust,solidarity,4
56,trust,victory,4
79,trust,proud,4
91,trust,level,4
102,trust,justice,4
108,trust,achieve,4
132,trust,stable,4
145,trust,tree,4
149,trust,happy,4
160,trust,school,4
177,trust,fundamental,4
188,trust,feeling,4
17,trust,cash,3
39,trust,planning,3
40,trust,mother,3
44,trust,clean,3
45,trust,agreement,3
48,trust,inheritance,3
49,trust,legal,3
59,trust,bureaucracy,3
81,trust,marriage,3
93,trust,share,3
114,trust,partnership,3
121,trust,resources,3
127,trust,ministry,3
133,trust,purely,3
137,trust,respects,3
144,trust,constantly,3
146,trust,prepared,3
162,trust,govern,3
164,trust,grandchildren,3
165,trust,honest,3
167,trust,center,3
187,trust,personal,3
190,trust,explain,3
195,trust,true,3
0,trust,offering,2
2,trust,sincere,2
3,trust,succeed,2
5,trust,educational,2
9,trust,manage,2
14,trust,protected,2
18,trust,confidence,2
21,trust,provide,2
27,trust,precedence,2
30,trust,pretty,2
42,trust,enjoy,2
43,trust,wealth,2
47,trust,base,2
57,trust,team,2
62,trust,remains,2
66,trust,freely,2
68,trust,wonderful,2
71,trust,taught,2
72,trust,commission,2
85,trust,legislature,2
89,trust,nation,2
95,trust,calls,2
111,trust,rule,2
118,trust,cooperation,2
122,trust,applause,2
123,trust,agreed,2
125,trust,proven,2
126,trust,statement,2
131,trust,found,2
135,trust,show,2
142,trust,dogma,2
157,trust,united,2
161,trust,warn,2
169,trust,gate,2
176,trust,usual,2
182,trust,qualified,2
183,trust,magnet,2
197,trust,neutral,2
4,trust,retain,1
6,trust,label,1
7,trust,privileged,1
10,trust,secret,1
11,trust,agreeing,1
13,trust,successful,1
15,trust,dubious,1
16,trust,sovereign,1
19,trust,fortress,1
20,trust,invite,1
22,trust,authorization,1
25,trust,hero,1
26,trust,celebration,1
28,trust,save,1
32,trust,enlightenment,1
33,trust,formula,1
34,trust,grin,1
35,trust,depend,1
36,trust,oath,1
37,trust,dawn,1
38,trust,practiced,1
46,trust,admiration,1
50,trust,instructions,1
52,trust,prefer,1
53,trust,white,1
54,trust,loyalty,1
55,trust,innocent,1
60,trust,patience,1
61,trust,institute,1
63,trust,favorable,1
64,trust,competent,1
65,trust,excellent,1
67,trust,sweet,1
69,trust,patronage,1
74,trust,chart,1
75,trust,protecting,1
77,trust,interior,1
82,trust,rational,1
83,trust,journalism,1
84,trust,deceiving,1
86,trust,sib,1
88,trust,fellow,1
92,trust,evident,1
94,trust,confident,1
96,trust,official,1
97,trust,ground,1
98,trust,brother,1
99,trust,goodness,1
105,trust,proof,1
107,trust,efficient,1
109,trust,intelligent,1
124,trust,loving,1
128,trust,pact,1
129,trust,respect,1
134,trust,friend,1
136,trust,wear,1
138,trust,understanding,1
140,trust,framework,1
141,trust,measured,1
147,trust,bank,1
150,trust,amen,1
151,trust,authority,1
153,trust,communicate,1
159,trust,general,1
163,trust,committee,1
168,trust,obvious,1
172,trust,author,1
174,trust,deal,1
175,trust,reliable,1
178,trust,employ,1
179,trust,father,1
181,trust,inform,1
184,trust,assembly,1
185,trust,vigilance,1
186,trust,allegiance,1
189,trust,compliance,1
192,trust,judiciary,1
194,trust,inspire,1
196,trust,independence,1
198,trust,specialist,1
